{"data":{"site":{"siteMetadata":{"author":{"name":"Taras Mogetich","bio":"Business Development Graduate @ Amazon Web Services","photo":"/tarasphoto.jpg","contacts":{"facebook":"","linkedin":"#","github":"#","twitter":"","telegram":"","instagram":"","email":"#","rss":"","vkontakte":"","line":"","gitlab":"","weibo":"","codepen":"","youtube":"","soundcloud":""}},"menu":[{"label":"About","path":"/pages/about"},{"label":"Posts","path":"/"}],"url":"","title":"Taras Mogetich","subtitle":"","copyright":"","disqusShortname":""}}}}